{
  "main": {
    "id": "9d02b2984ed4e84b",
    "type": "split",
    "children": [
      {
        "id": "5fbe5c1434857f69",
        "type": "tabs",
        "children": [
          {
            "id": "24d03cb1ea221e28",
            "type": "leaf",
            "state": {
              "type": "markdown",
              "state": {
                "file": "Obsidian/PARA 노트 기록법.md",
                "mode": "source",
                "source": false
              }
            }
          }
        ],
        "stacked": true
      }
    ],
    "direction": "vertical"
  },
  "left": {
    "id": "693fe4a8ae652ba6",
    "type": "split",
    "children": [
      {
        "id": "4c2fd468b720a4dd",
        "type": "tabs",
        "children": [
          {
            "id": "6f573ca8b6864ea1",
            "type": "leaf",
            "state": {
              "type": "file-explorer",
              "state": {
                "sortOrder": "alphabeticalReverse"
              }
            }
          },
          {
            "id": "6971bbdd643598a5",
            "type": "leaf",
            "state": {
              "type": "search",
              "state": {
                "query": "",
                "matchingCase": false,
                "explainSearch": false,
                "collapseAll": false,
                "extraContext": false,
                "sortOrder": "alphabetical"
              }
            }
          },
          {
            "id": "be8890865a8bad5b",
            "type": "leaf",
            "state": {
              "type": "bookmarks",
              "state": {}
            }
          }
        ]
      }
    ],
    "direction": "horizontal",
    "width": 300
  },
  "right": {
    "id": "02bcca5a32c141ec",
    "type": "split",
    "children": [
      {
        "id": "2052d49996abb6cf",
        "type": "tabs",
        "children": [
          {
            "id": "d9e18fbba678b7da",
            "type": "leaf",
            "state": {
              "type": "outgoing-link",
              "state": {
                "file": "Obsidian/PARA 노트 기록법.md",
                "linksCollapsed": false,
                "unlinkedCollapsed": true
              }
            }
          },
          {
            "id": "9f01efdb855c89a1",
            "type": "leaf",
            "state": {
              "type": "tag",
              "state": {
                "sortOrder": "frequency",
                "useHierarchy": true
              }
            }
          },
          {
            "id": "49ecdfd5c14bf187",
            "type": "leaf",
            "state": {
              "type": "outline",
              "state": {
                "file": "Obsidian/PARA 노트 기록법.md"
              }
            }
          },
          {
            "id": "8534486b7e41c2d5",
            "type": "leaf",
            "state": {
              "type": "calendar",
              "state": {}
            }
          }
        ],
        "currentTab": 3
      }
    ],
    "direction": "horizontal",
    "width": 300
  },
  "left-ribbon": {
    "hiddenItems": {
      "switcher:퀵 스위처 열기": false,
      "graph:그래프 뷰 열기": false,
      "canvas:새 캔버스 만들기": false,
      "daily-notes:오늘의 데일리 노트 열기": false,
      "templates:템플릿 삽입": false,
      "command-palette:명령어 팔레트 열기": false
    }
  },
  "active": "24d03cb1ea221e28",
  "lastOpenFiles": [
    "Obsidian/옵시디언 사용법.md",
    "To do List/2023-10-31.md",
    "Obsidian/마크다운 사용법.md",
    "Obsidian/PARA 노트 기록법.md",
    "무제 파일.canvas",
    "무제 파일.md",
    "To do List",
    "1. Project/대학교/대학교 졸업.md",
    "1. Project/대학교/대학교 복학.md",
    "2. Area/김예준/WHO AM I.md",
    "2. Area/김예준",
    "1. Project/대학교/무제 폴더",
    "1. Project/대학교",
    "3. Resource/Godot",
    "3. Resource/무제 파일.md",
    "4. Archive",
    "3. Resource",
    "2. Area",
    "1. Project",
    "Obsidian"
  ]
}